Link Name,Center of Mass X,Center of Mass Y,Center of Mass Z,Center of Mass Roll,Center of Mass Pitch,Center of Mass Yaw,Mass,Moment Ixx,Moment Ixy,Moment Ixz,Moment Iyy,Moment Iyz,Moment Izz,Visual X,Visual Y,Visual Z,Visual Roll,Visual Pitch,Visual Yaw,Mesh Filename,Color Red,Color Green,Color Blue,Color Alpha,Collision X,Collision Y,Collision Z,Collision Roll,Collision Pitch,Collision Yaw,Collision Mesh Filename,Material Name,SW Components,Coordinate System,Axis Name,Joint Name,Joint Type,Joint Origin X,Joint Origin Y,Joint Origin Z,Joint Origin Roll,Joint Origin Pitch,Joint Origin Yaw,Parent,Joint Axis X,Joint Axis Y,Joint Axis Z,Limit Effort,Limit Velocity,Limit Lower,Limit Upper,Calibration rising,Calibration falling,Dynamics Damping,Dynamics Friction,Safety Soft Upper,Safety Soft Lower,Safety K Position,Safety K Velocity
base_link,-5.8256963005876E-06,-0.00160873485463684,0.322196873605599,0,0,0,2.00216852688098,0.0468982163841444,4.75292472737518E-07,1.88881991215485E-06,0.0545736765987529,-0.000145490628190469,0.013599408523394,0,0,0,0,0,0,package://moria_deneme/meshes/base_link.STL,0.792156862745098,0.819607843137255,0.933333333333333,1,0,0,0,0,0,0,package://moria_deneme/meshes/base_link.STL,,UST_GOVDE_GIYDIRMEv2-1;MONTAJ_GOVDE-1,Koordinat Sistemi1,,,,0,0,0,0,0,0,,0,0,0,,,,,,,,,,,,
link_1,-4.98778525426236E-09,-0.0115172263158999,-3.51069521323244E-05,0,0,0,0.0432526292386757,1.2187347890314E-05,2.95931992516615E-13,5.30757666429331E-12,7.48173634973267E-06,-1.81084832796073E-07,1.0328242357766E-05,0,0,0,0,0,0,package://moria_deneme/meshes/link_1.STL,1,1,1,1,0,0,0,0,0,0,package://moria_deneme/meshes/link_1.STL,,MONTAJ_GOVDE-1/RX-28-1,Origin_joint_1,Axis_joint_1,joint_1,fixed,0,-0.0157499999999999,0.525,0,0,3.14159265358979,base_link,0,0,0,,,,,,,,,,,,
link_2,-0.000269833615345466,-0.00078755826936347,-8.74971040065731E-10,0,0,0,0.00252566924465246,2.58261121745331E-07,-2.28560065814841E-09,-2.87525638158906E-14,3.60204261317592E-07,-1.03481725172472E-14,1.20199389889136E-07,0,0,0,0,0,0,package://moria_deneme/meshes/link_2.STL,0.349019607843137,0.349019607843137,0.349019607843137,1,0,0,0,0,0,0,package://moria_deneme/meshes/link_2.STL,,FR07-S101-2;MONTAJ_GOVDE-1/HN07-N101-1;MONTAJ_GOVDE-1/THRUST_WASHER-1,Origin_joint_2,Eksen3,joint_2,revolute,0,0,0.0205,-1.5708,0,1.5708,link_1,0,0,-1,0,0,0,0,,,,,,,,
link_3,-4.98778537916245E-09,-0.0115172263158999,-3.51069521322689E-05,0,0,0,0.0432526292386756,1.2187347890314E-05,2.95931940690146E-13,5.30757665332502E-12,7.48173634973264E-06,-1.8108483279606E-07,1.0328242357766E-05,0,0,0,0,0,0,package://moria_deneme/meshes/link_3.STL,1,1,1,1,0,0,0,0,0,0,package://moria_deneme/meshes/link_3.STL,,RX-28-5,Origin_joint_3,Axis_joint_3,joint_3,fixed,-0.00399999999999991,-0.0417999999999999,0,0,0,3.14159265358979,link_2,0,0,0,,,,,,,,,,,,
link_4,0.00219607144069685,0.0218773334939288,-0.0991328970173023,0,0,0,0.765452532822982,0.00442764705942332,-2.83943423633093E-07,-5.44381881309798E-05,0.00223008409174593,1.22621287171556E-06,0.00287829005107458,0,0,0,0,0,0,package://moria_deneme/meshes/link_4.STL,0.792156862745098,0.819607843137255,0.933333333333333,1,0,0,0,0,0,0,package://moria_deneme/meshes/link_4.STL,,HN07-i101-2;MF106ZZ-2;RX28-CAP-2;HN07-N101-2;THRUST_WASHER-2;Kafa iskeletli_23.03-1,Origin_joint_4,Eksen4,joint_4,revolute,0,0,-0.0205,1.5708,0,0,link_3,0,0,-1,0,0,0,0,,,,,,,,
link_5,-1.97821967140577E-10,0.0149135531578773,5.36946138711483E-05,0,0,0,0.0738530161254987,2.98272169514982E-05,4.5164470208164E-13,4.16730812371916E-13,1.69791706998009E-05,-8.43189794548446E-07,2.50172115174046E-05,0,0,0,0,0,0,package://moria_deneme/meshes/link_5.STL,0.501960784313725,0.501960784313725,0.501960784313725,1,0,0,0,0,0,0,package://moria_deneme/meshes/link_5.STL,,MONTAJ_GOVDE-1/MX-64R-11/MX-64R-1;MONTAJ_GOVDE-1/MX-64R-11/HN05-i101-1;MONTAJ_GOVDE-1/MX-64R-11/RX64-CAP-1;MONTAJ_GOVDE-1/MX-64R-11/MF128ZZ-1,Origin_joint_5,Axis_joint_5,joint_5,fixed,-0.118500000000101,0,0.504999999999967,-1.5707963267949,0,-1.5707963267949,base_link,0,0,0,,,,,,,,,,,,
link_6,0.0330685847104518,0.021911544294556,0.0200101884571561,0,0,0,0.0427064630762937,2.29993008772887E-05,8.41541056691846E-07,-1.27704249911842E-09,3.43850869830831E-05,1.64696889004766E-09,5.0374815721354E-05,0,0,0,0,0,0,package://moria_deneme/meshes/link_6.STL,0.792156862745098,0.819607843137255,0.933333333333333,1,0,0,0,0,0,0,package://moria_deneme/meshes/link_6.STL,,Aynalamaomuz_prt-4;FR07-S101-5;omuz_prt-4;Aynalamaomuz giydirme ön sol-4;Aynalamaomuz giydirme arka sol-4,Origin_joint_6,Eksen5,joint_6,revolute,0.02,0.021,-0.0255,3.1416,1.5708,0,link_5,1,0,0,0,0,0,1,,,,,,,,
link_7,-2.0180482285248E-10,-0.0152132560488591,0.00038843629925224,0,0,0,0.0723981032278616,2.97539116825219E-05,-4.5165111998911E-13,-4.16731233756716E-13,1.69058654308247E-05,-8.43189794548428E-07,2.48727432636314E-05,0,0,0,0,0,0,package://moria_deneme/meshes/link_7.STL,0.501960784313725,0.501960784313725,0.501960784313725,1,0,0,0,0,0,0,package://moria_deneme/meshes/link_7.STL,,MX-64R-8;RX64-CAP-8,Origin_joint_7,Axis_joint_7,joint_7,fixed,0.057000000000047,0.0210004808400161,0.0199999999999991,0,0,-1.57079632679489,link_6,0,0,0,,,,,,,,,,,,
link_8,0.00213545671444501,0.00761695971831158,-0.0249198452418229,0,0,0,0.0818453193205084,7.22505337264695E-05,-4.71290331305842E-06,3.12709352942922E-07,4.21865429240642E-05,4.40250124350139E-06,9.31185837134867E-05,0,0,0,0,0,0,package://moria_deneme/meshes/link_8.STL,0.898039215686275,0.917647058823529,0.929411764705882,1,0,0,0,0,0,0,package://moria_deneme/meshes/link_8.STL,,omuz_ustkol_baglantisi_2-4;omuz_ustkol_baglantisi_1-4;HN05-i101-7;Aynalamaomuz-arkav2-4;Aynalamaomuz-önv2-4,Origin_joint_8,Eksen6,joint_8,revolute,0.043,0,0.0235,0,0,1.5708,link_7,0,0,-1,0,0,0,1,,,,,,,,
link_9,-1.97821717340396E-10,-0.0149135531578773,-4.9319698236093E-05,0,0,0,0.0738530161254989,2.98272169514982E-05,-4.51644560654328E-13,-4.16730609246492E-13,1.69791706998009E-05,-8.43189794548433E-07,2.50172115174046E-05,0,0,0,0,0,0,package://moria_deneme/meshes/link_9.STL,0.501960784313725,0.501960784313725,0.501960784313725,1,0,0,0,0,0,0,package://moria_deneme/meshes/link_9.STL,,MX-64R-7;RX64-CAP-7;HN05-i101-8;MF128ZZ-8,Origin_joint_9,Axis_joint_9,joint_9,fixed,0,-0.0189999999999501,-0.0234999999999997,-1.57079632679491,0,3.14159265358979,link_8,0,0,0,,,,,,,,,,,,
link_10,-0.000797258568550022,-0.0659320555702459,8.90706473577474E-08,0,0,0,0.105575944927834,0.000190077838460492,-6.71125346044252E-07,-1.89722943530572E-09,3.44233329040806E-05,-5.1344217005975E-10,0.00018113978966896,0,0,0,0,0,0,package://moria_deneme/meshes/link_10.STL,0.349019607843137,0.349019607843137,0.349019607843137,1,0,0,0,0,0,0,package://moria_deneme/meshes/link_10.STL,,FR05-S101-6;ust_kol_prt_1-4;ust_kol_prt_2-6;üst-kol-ön-2;üst-kol-ön-01-3,Origin_joint_10,Eksen7,joint_10,revolute,0,0,0.0235,-1.5708,0,1.5708,link_9,0,-1,0,0,0,0,1,,,,,,,,
link_11,-7.10526470992789E-09,-0.0115172260069806,-3.51036027500112E-05,0,0,0,0.0432526178612572,1.21873450260465E-05,2.4549087913227E-13,4.10114982228376E-12,7.48173356012042E-06,-1.81084643658285E-07,1.0328240753215E-05,0,0,0,0,0,0,package://moria_deneme/meshes/link_11.STL,1,1,1,1,0,0,0,0,0,0,package://moria_deneme/meshes/link_11.STL,,RX-28-8,Origin_joint_11,Axis_joint_11,joint_11,fixed,0,-0.1432,0,0,0,3.14159265358979,link_10,0,0,0,,,,,,,,,,,,
link_12,-0.000422314655443727,-0.0406576381538904,0.00491276078166086,0,0,0,0.0751937987323724,7.48735630784198E-05,-1.38394440138236E-06,-2.11023940894726E-06,3.45779668912302E-05,-4.48466164250976E-06,6.20202256690702E-05,0,0,0,0,0,0,package://moria_deneme/meshes/link_12.STL,0.792156862745098,0.819607843137255,0.933333333333333,1,0,0,0,0,0,0,package://moria_deneme/meshes/link_12.STL,,ustkol_altkol_baglantisi_sağ-1;ustkol_altkol_baglantisi_2sağ-1;HN07-i101-5;RX28-CAP-5;MF106ZZ-5;HN07-N101-5;THRUST_WASHER-5;dirsek-arka-1;dirsek-ön-2,Origin_joint_12,Eksen8,joint_12,revolute,0,0,0,3.1416,0,0,link_11,0,-1,0,0,0,0,1,,,,,,,,
link_13,-6.71093822179891E-09,-0.0110440944489949,8.80754112807247E-05,0,0,0,0.0451055917887385,1.22431478524507E-05,3.46733233549372E-13,4.10269636335329E-12,7.53753667129653E-06,-1.81084508945363E-07,1.04372098563918E-05,0,0,0,0,0,0,package://moria_deneme/meshes/link_13.STL,1,1,1,1,0,0,0,0,0,0,package://moria_deneme/meshes/link_13.STL,,MX-28R-4/RX-28-1;MX-28R-4/HN07-i101-1;MX-28R-4/RX28-CAP-1;MX-28R-4/MF106ZZ-1;MX-28R-4/HN07-N101-1;MX-28R-4/THRUST_WASHER-1,Origin_joint_13,Axis_joint_13,joint_13,fixed,0,-0.0639999999999999,-0.000400000000003259,1.5707963267949,-1.5707963267949,0,link_12,0,0,0,,,,,,,,,,,,
link_14,-1.97821981018365E-10,-0.0149135531578773,-5.36946138711414E-05,0,0,0,0.0738530161254986,2.98272169514981E-05,-4.51644708673487E-13,-4.16730815281134E-13,1.69791706998008E-05,-8.4318979454843E-07,2.50172115174045E-05,0,0,0,0,0,0,package://moria_deneme/meshes/link_14.STL,0.501960784313725,0.501960784313725,0.501960784313725,1,0,0,0,0,0,0,package://moria_deneme/meshes/link_14.STL,,MONTAJ_GOVDE-1/MX-64R-12/MX-64R-1;MONTAJ_GOVDE-1/MX-64R-12/HN05-i101-1;MONTAJ_GOVDE-1/MX-64R-12/MF128ZZ-1;MONTAJ_GOVDE-1/MX-64R-12/RX64-CAP-1,Origin_joint_14,Axis_joint_14,joint_14,fixed,0.118499999999844,0,0.505000000000131,1.5707963267949,0,1.5707963267949,base_link,0,0,0,,,,,,,,,,,,
link_15,0.0330658043776,0.021906249400988,-0.0200092714777053,0,0,0,0.0427083229423899,2.29968354379948E-05,8.4765051206836E-07,3.8062512175928E-09,3.43847280909301E-05,9.59618960454015E-10,5.03729290434704E-05,0,0,0,0,0,0,package://moria_deneme/meshes/link_15.STL,0.792156862745098,0.819607843137255,0.933333333333333,1,0,0,0,0,0,0,package://moria_deneme/meshes/link_15.STL,,omuz_prt-1;FR07-S101-1;Aynalamaomuz_prt-1;omuz giydirme ön sol-1;omuz giydirme arka sol-1,Origin_joint_15,Eksen10,joint_15,revolute,-0.02,-0.021,0.0255,3.1416,-1.5708,0,link_14,1,0,0,0,0,0,1,,,,,,,,
link_16,-2.01788960541016E-10,-0.0152132560488562,0.000388436299252448,0,0,0,0.0723981032278617,2.9753911682522E-05,-4.51638362489367E-13,-4.16730388159292E-13,1.69058654308247E-05,-8.43189794548415E-07,2.48727432636315E-05,0,0,0,0,0,0,package://moria_deneme/meshes/link_16.STL,0.501960784313725,0.501960784313725,0.501960784313725,1,0,0,0,0,0,0,package://moria_deneme/meshes/link_16.STL,,MX-64R-2;RX64-CAP-1,Origin_joint_16,Axis_joint_16,joint_16,fixed,0.0569999999999914,0.021000480840057,-0.02,3.14159265358979,0,1.5707963267949,link_15,0,0,0,,,,,,,,,,,,
link_17,0.00213529233518711,0.0436411016709659,-0.021879801239206,0,0,0,0.0818453339345074,7.22466763400554E-05,-4.71240860673325E-06,-3.20625613589454E-07,4.2186911690678E-05,-4.4001439730472E-06,9.31116164153661E-05,0,0,0,0,0,0,package://moria_deneme/meshes/link_17.STL,0.898039215686275,0.917647058823529,0.929411764705882,1,0,0,0,0,0,0,package://moria_deneme/meshes/link_17.STL,,omuz_ustkol_baglantisi_1-1;HN05-i101-1;omuz_ustkol_baglantisi_2-1;omuz-önv2-1;omuz-arkav2-1,Origin_joint_17,Eksen11,joint_17,revolute,-0.079024,0,-0.0233,3.1416,0,1.5708,link_16,0,0,1,0,0,0,1,,,,,,,,
link_18,-1.97818372793535E-10,-0.014913553157878,-4.93196982352048E-05,0,0,0,0.0738530161254989,2.98272169514982E-05,-4.5164469687095E-13,-4.16730819736615E-13,1.69791706998009E-05,-8.43189794548441E-07,2.50172115174046E-05,0,0,0,0,0,0,package://moria_deneme/meshes/link_18.STL,0.501960784313725,0.501960784313725,0.501960784313725,1,0,0,0,0,0,0,package://moria_deneme/meshes/link_18.STL,,MX-64R-1;HN05-i101-2;RX64-CAP-2;MF128ZZ-2,Origin_joint_18,,joint_18,fixed,0,0.017024,-0.0233,1.5708,0,0,link_17,0,0,0,,,,,,,,,,,,
link_19,-0.000797258568550889,-0.0659320555702461,8.9070640973965E-08,0,0,0,0.105575944927833,0.000190077838460474,-6.71125346047347E-07,-1.89722943408318E-09,3.44233329040333E-05,-5.13442175263743E-10,0.000181139789668936,0,0,0,0,0,0,package://moria_deneme/meshes/link_19.STL,0.349019607843137,0.349019607843137,0.349019607843137,1,0,0,0,0,0,0,package://moria_deneme/meshes/link_19.STL,,FR05-S101-3;ust_kol_prt_2-3;ust_kol_prt_1-1;üst-kol-ön-01-1;üst-kol-ön-1,Origin_joint_19,Eksen12,joint_19,revolute,0,0,0.0235,-1.5708,0,1.5708,link_18,0,-1,0,0,0,0,1,,,,,,,,
link_20,-7.0916723673986E-09,0.0115172258471579,3.51098141141981E-05,0,0,0,0.0432526387759786,1.21873499866362E-05,-2.23329698529437E-13,-4.11084324524187E-12,7.48173879614253E-06,-1.81084513409872E-07,1.03282433777916E-05,0,0,0,0,0,0,package://moria_deneme/meshes/link_20.STL,1,1,1,1,0,0,0,0,0,0,package://moria_deneme/meshes/link_20.STL,,RX-28-3,Origin_joint_20,,joint_20,fixed,0,-0.1432,0,0,0,0,link_19,0,0,0,,,,,,,,,,,,
link_21,-0.000422310742984398,0.0383423677055018,-0.0153254052513391,0,0,0,0.0751938064218987,7.48733451231001E-05,-1.38395035645012E-06,-2.11025670970245E-06,3.45777192463246E-05,-4.48455040012321E-06,6.20202537841245E-05,0,0,0,0,0,0,package://moria_deneme/meshes/link_21.STL,0.792156862745098,0.819607843137255,0.933333333333333,1,0,0,0,0,0,0,package://moria_deneme/meshes/link_21.STL,,ustkol_altkol_baglantisi_1-3;HN07-N101-1;THRUST_WASHER-1;HN07-i101-1;RX28-CAP-1;ustkol_altkol_baglantisi_2-3;MF106ZZ-1;dirsek-ön-1;dirsek-arka-2,Origin_joint_21,Eksen13,joint_21,revolute,0,-0.079,-0.0206,3.1416,0,3.1416,link_20,0,1,0,0,0,0,1,,,,,,,,
link_22,-4.8208328995436E-09,-0.0110440944662116,8.80784050841243E-05,0,0,0,0.0451055813694695,1.22431453813785E-05,3.17788521903696E-13,5.22960266179841E-12,7.53753406466571E-06,-1.81084652471397E-07,1.04372085463066E-05,0,0,0,0,0,0,package://moria_deneme/meshes/link_22.STL,1,1,1,1,0,0,0,0,0,0,package://moria_deneme/meshes/link_22.STL,,MX-28R-1/RX-28-1;MX-28R-1/HN07-N101-1;MX-28R-1/THRUST_WASHER-1;MX-28R-1/HN07-i101-1;MX-28R-1/RX28-CAP-1;MX-28R-1/MF106ZZ-1,Origin_joint_22,Axis_joint_22,joint_22,fixed,0,0.0150000000000001,-0.0206999999999999,1.5707963267949,-1.5707963267949,0,link_21,0,0,0,,,,,,,,,,,,
